Animals amount;Plants amount;Free tiles amount;Average energy;Dead animals average age;Average children amount;Most popular genotypes
5;6;15;5.0;NaN;0.0;[5, 2, 1, 6, 6] [7, 3, 3, 5, 4] [6, 1, 3, 7, 5] 
5;9;12;4.0;NaN;0.0;[5, 2, 1, 6, 6] [7, 3, 3, 5, 4] [6, 1, 3, 7, 5] 
5;9;12;4.0;NaN;0.0;[5, 2, 1, 6, 6] [7, 3, 3, 5, 4] [6, 1, 3, 7, 5] 
5;8;12;4.0;NaN;0.0;[5, 2, 1, 6, 6] [7, 3, 3, 5, 4] [6, 1, 3, 7, 5] 
5;8;13;5.0;NaN;0.0;[5, 2, 1, 6, 6] [7, 3, 3, 5, 4] [6, 1, 3, 7, 5] 
3;8;14;9.0;5.0;0.0;[5, 2, 1, 6, 6] [2, 1, 6, 6, 7] [4, 3, 0, 6, 2] 
3;7;17;13.0;5.0;0.0;[5, 2, 1, 6, 6] [2, 1, 6, 6, 7] [4, 3, 0, 6, 2] 
3;8;15;13.666666666666666;5.0;0.0;[5, 2, 1, 6, 6] [2, 1, 6, 6, 7] [4, 3, 0, 6, 2] 
3;7;16;16.0;5.0;0.0;[5, 2, 1, 6, 6] [2, 1, 6, 6, 7] [4, 3, 0, 6, 2] 
3;9;14;15.0;5.0;0.0;[5, 2, 1, 6, 6] [2, 1, 6, 6, 7] [4, 3, 0, 6, 2] 
3;10;12;14.0;5.0;0.0;[5, 2, 1, 6, 6] [2, 1, 6, 6, 7] [4, 3, 0, 6, 2] 
4;12;12;11.0;5.0;0.5;[5, 2, 1, 6, 6] [2, 6, 1, 1, 0] [2, 1, 6, 6, 7] 
4;11;10;11.25;5.0;0.5;[5, 2, 1, 6, 6] [2, 6, 1, 1, 0] [2, 1, 6, 6, 7] 
4;12;10;10.25;5.0;0.5;[5, 2, 1, 6, 6] [2, 6, 1, 1, 0] [2, 1, 6, 6, 7] 
4;11;11;13.0;5.0;0.5;[5, 2, 1, 6, 6] [2, 6, 1, 1, 0] [2, 1, 6, 6, 7] 
4;13;9;13.25;5.0;0.5;[5, 2, 1, 6, 6] [2, 6, 1, 1, 0] [2, 1, 6, 6, 7] 
5;10;12;12.8;5.0;0.8;[5, 2, 1, 6, 6] [1, 2, 4, 0, 6] [2, 6, 1, 1, 0] 
5;11;9;11.8;5.0;0.8;[5, 2, 1, 6, 6] [1, 2, 4, 0, 6] [2, 6, 1, 1, 0] 
6;11;11;11.5;5.0;1.0;[5, 2, 1, 6, 6] [4, 2, 0, 1, 1] [1, 2, 4, 0, 6] 
7;11;9;10.428571428571429;5.0;1.1428571428571428;[5, 2, 1, 6, 6] [4, 2, 0, 1, 1] [1, 2, 4, 0, 6] 
7;10;9;10.857142857142858;5.0;1.1428571428571428;[5, 2, 1, 6, 6] [4, 2, 0, 1, 1] [1, 2, 4, 0, 6] 
7;9;10;12.0;5.0;1.1428571428571428;[5, 2, 1, 6, 6] [4, 2, 0, 1, 1] [1, 2, 4, 0, 6] 
7;11;9;11.714285714285714;5.0;1.1428571428571428;[5, 2, 1, 6, 6] [4, 2, 0, 1, 1] [1, 2, 4, 0, 6] 
8;10;11;10.625;5.0;1.25;[5, 2, 1, 6, 6] [4, 2, 0, 1, 1] [0, 4, 1, 4, 5] 
9;7;12;10.222222222222221;5.0;1.3333333333333333;[5, 2, 1, 6, 6] [4, 2, 0, 1, 1] [0, 4, 1, 4, 5] 
8;6;14;11.25;15.0;0.75;[5, 2, 1, 6, 6] [4, 2, 0, 1, 1] [0, 4, 1, 4, 5] 
8;5;12;10.875;15.0;0.75;[5, 2, 1, 6, 6] [4, 2, 0, 1, 1] [0, 4, 1, 4, 5] 
8;6;12;10.5;15.0;0.75;[5, 2, 1, 6, 6] [4, 2, 0, 1, 1] [0, 4, 1, 4, 5] 
5;6;15;5.0;NaN;0.0;[0, 3, 1, 4, 5] [5, 2, 1, 0, 1] [0, 6, 3, 1, 5] 
5;5;16;5.0;NaN;0.0;[0, 3, 1, 4, 5] [5, 2, 1, 0, 1] [0, 6, 3, 1, 5] 
5;6;16;5.0;NaN;0.0;[0, 3, 1, 4, 5] [5, 2, 1, 0, 1] [0, 6, 3, 1, 5] 
5;7;14;4.0;NaN;0.0;[0, 3, 1, 4, 5] [5, 2, 1, 0, 1] [0, 6, 3, 1, 5] 
5;9;12;5.0;NaN;0.0;[0, 3, 1, 4, 5] [5, 2, 1, 0, 1] [0, 6, 3, 1, 5] 
4;12;12;5.5;5.0;0.5;[5, 2, 1, 0, 1] [7, 6, 0, 6, 5] [2, 3, 6, 4, 1] 
4;11;12;8.25;5.0;0.5;[5, 2, 1, 0, 1] [7, 6, 0, 6, 5] [2, 3, 6, 4, 1] 
4;10;11;9.75;5.0;0.5;[5, 2, 1, 0, 1] [7, 6, 0, 6, 5] [2, 3, 6, 4, 1] 
4;9;12;12.5;5.0;0.5;[5, 2, 1, 0, 1] [7, 6, 0, 6, 5] [2, 3, 6, 4, 1] 
5;9;13;10.2;5.0;0.8;[5, 2, 1, 0, 1] [7, 6, 0, 6, 5] [2, 3, 6, 4, 1] 
6;10;11;8.5;5.0;1.0;[7, 3, 0, 1, 1] [5, 2, 1, 0, 1] [7, 6, 0, 6, 5] 
6;11;10;8.333333333333334;5.0;1.0;[7, 3, 0, 1, 1] [5, 2, 1, 0, 1] [7, 6, 0, 6, 5] 
7;10;11;7.0;5.0;1.1428571428571428;[0, 7, 3, 6, 2] [7, 3, 0, 1, 1] [5, 2, 1, 0, 1] 
7;10;9;6.714285714285714;5.0;1.1428571428571428;[0, 7, 3, 6, 2] [7, 3, 0, 1, 1] [5, 2, 1, 0, 1] 
7;9;10;7.142857142857143;5.0;1.1428571428571428;[0, 7, 3, 6, 2] [7, 3, 0, 1, 1] [5, 2, 1, 0, 1] 
5;11;9;9.0;10.0;0.8;[0, 7, 3, 6, 2] [7, 3, 0, 1, 1] [7, 6, 0, 6, 5] 
5;11;9;8.0;10.0;0.8;[0, 7, 3, 6, 2] [7, 3, 0, 1, 1] [7, 6, 0, 6, 5] 
5;11;11;8.0;10.0;0.8;[0, 7, 3, 6, 2] [7, 3, 0, 1, 1] [7, 6, 0, 6, 5] 
5;13;9;7.0;10.0;0.8;[0, 7, 3, 6, 2] [7, 3, 0, 1, 1] [7, 6, 0, 6, 5] 
5;11;10;9.0;10.0;0.8;[0, 7, 3, 6, 2] [7, 3, 0, 1, 1] [7, 6, 0, 6, 5] 
4;12;10;11.5;10.0;0.75;[0, 7, 3, 6, 2] [7, 3, 0, 1, 1] [7, 6, 0, 6, 5] 
4;12;10;13.0;10.0;0.75;[0, 7, 3, 6, 2] [7, 3, 0, 1, 1] [7, 6, 0, 6, 5] 
4;13;9;14.5;10.0;0.75;[0, 7, 3, 6, 2] [7, 3, 0, 1, 1] [7, 6, 0, 6, 5] 
4;10;12;18.5;10.0;0.75;[0, 7, 3, 6, 2] [7, 3, 0, 1, 1] [7, 6, 0, 6, 5] 
4;12;11;18.75;10.0;0.75;[0, 7, 3, 6, 2] [7, 3, 0, 1, 1] [7, 6, 0, 6, 5] 
4;12;10;21.5;10.0;0.75;[0, 7, 3, 6, 2] [7, 3, 0, 1, 1] [7, 6, 0, 6, 5] 
4;11;10;21.75;10.0;0.75;[0, 7, 3, 6, 2] [7, 3, 0, 1, 1] [7, 6, 0, 6, 5] 
4;12;10;23.25;10.0;0.75;[0, 7, 3, 6, 2] [7, 3, 0, 1, 1] [7, 6, 0, 6, 5] 
4;11;11;24.75;10.0;0.75;[0, 7, 3, 6, 2] [7, 3, 0, 1, 1] [7, 6, 0, 6, 5] 
6;11;12;16.666666666666668;10.0;1.1666666666666667;[0, 7, 3, 6, 2] [5, 1, 4, 4, 4] [7, 3, 0, 1, 1] 
7;10;10;14.857142857142858;10.0;1.2857142857142858;[0, 7, 3, 6, 2] [5, 1, 4, 4, 4] [7, 3, 0, 1, 1] 
7;7;12;16.0;10.0;1.2857142857142858;[0, 7, 3, 6, 2] [5, 1, 4, 4, 4] [7, 3, 0, 1, 1] 
8;6;15;15.625;10.0;1.375;[4, 4, 5, 7, 3] [0, 7, 3, 6, 2] [5, 1, 4, 4, 4] 
8;6;12;15.875;10.0;1.375;[4, 4, 5, 7, 3] [0, 7, 3, 6, 2] [5, 1, 4, 4, 4] 
8;6;12;16.125;10.0;1.375;[4, 4, 5, 7, 3] [0, 7, 3, 6, 2] [5, 1, 4, 4, 4] 
8;6;13;17.625;10.0;1.375;[4, 4, 5, 7, 3] [0, 7, 3, 6, 2] [5, 1, 4, 4, 4] 
8;6;11;17.25;10.0;1.375;[4, 4, 5, 7, 3] [0, 7, 3, 6, 2] [5, 1, 4, 4, 4] 
9;8;11;15.0;10.0;1.4444444444444444;[4, 4, 5, 7, 3] [0, 7, 3, 6, 2] [4, 6, 2, 4, 7] 
10;8;10;13.6;10.0;1.5;[4, 4, 5, 7, 3] [0, 7, 3, 6, 2] [4, 6, 2, 4, 7] 
10;8;7;13.6;10.0;1.5;[4, 4, 5, 7, 3] [0, 7, 3, 6, 2] [4, 6, 2, 4, 7] 
9;7;10;16.333333333333332;15.0;1.3333333333333333;[4, 4, 5, 7, 3] [0, 7, 3, 6, 2] [4, 6, 2, 4, 7] 
11;8;12;13.454545454545455;15.0;1.4545454545454546;[4, 4, 5, 7, 3] [0, 7, 3, 6, 2] [2, 2, 1, 4, 3] 
13;8;10;11.307692307692308;15.0;1.5384615384615385;[5, 1, 4, 4, 4] [7, 3, 0, 1, 1] [5, 1, 3, 7, 3] 
14;7;9;11.071428571428571;14.285714285714286;1.6428571428571428;[3, 1, 0, 5, 5] [5, 1, 4, 4, 4] [7, 3, 0, 1, 1] 
15;5;9;10.733333333333333;14.285714285714286;1.6666666666666667;[2, 1, 7, 0, 7] [3, 1, 0, 5, 5] [5, 1, 4, 4, 4] 
15;8;9;10.466666666666667;14.375;1.6666666666666667;[2, 1, 7, 0, 7] [3, 1, 0, 5, 5] [7, 3, 0, 1, 1] 
14;7;9;11.357142857142858;16.5;1.2857142857142858;[2, 1, 7, 0, 7] [3, 1, 0, 5, 5] [5, 1, 3, 7, 3] 
14;7;9;11.142857142857142;15.454545454545455;1.3571428571428572;[2, 1, 7, 0, 7] [3, 1, 0, 5, 5] [7, 1, 3, 0, 3] 
13;7;11;11.461538461538462;13.846153846153847;1.4615384615384615;[2, 1, 7, 0, 7] [3, 1, 0, 5, 5] [7, 1, 3, 0, 3] 
15;8;9;10.066666666666666;13.846153846153847;1.5333333333333334;[2, 1, 7, 0, 7] [3, 1, 0, 5, 5] [7, 1, 3, 0, 3] 
15;6;11;10.466666666666667;13.214285714285714;1.6;[3, 1, 0, 5, 5] [7, 1, 3, 0, 3] [5, 5, 6, 5, 6] 
17;7;9;8.941176470588236;13.214285714285714;1.6470588235294117;[3, 1, 0, 5, 5] [7, 1, 3, 0, 3] [5, 5, 6, 5, 6] 
2;3;5;501.5;NaN;0.0;[6, 6, 0, 6, 7] [5, 6, 3, 2, 3] 
2;5;2;503.0;NaN;0.0;[6, 6, 0, 6, 7] [5, 6, 3, 2, 3] 
2;5;2;504.5;NaN;0.0;[6, 6, 0, 6, 7] [5, 6, 3, 2, 3] 
2;4;4;508.5;NaN;0.0;[6, 6, 0, 6, 7] [5, 6, 3, 2, 3] 
2;3;4;510.0;NaN;0.0;[6, 6, 0, 6, 7] [5, 6, 3, 2, 3] 
2;6;2;511.5;NaN;0.0;[6, 6, 0, 6, 7] [5, 6, 3, 2, 3] 
2;7;2;515.5;NaN;0.0;[6, 6, 0, 6, 7] [5, 6, 3, 2, 3] 
2;6;2;519.5;NaN;0.0;[6, 6, 0, 6, 7] [5, 6, 3, 2, 3] 
2;7;1;521.0;NaN;0.0;[6, 6, 0, 6, 7] [5, 6, 3, 2, 3] 
2;7;2;525.0;NaN;0.0;[6, 6, 0, 6, 7] [5, 6, 3, 2, 3] 
3;6;2;351.0;NaN;0.6666666666666666;[6, 6, 0, 6, 7] [5, 6, 3, 2, 3] [7, 1, 0, 0, 0] 
3;6;2;355.0;NaN;0.6666666666666666;[6, 6, 0, 6, 7] [5, 6, 3, 2, 3] [7, 1, 0, 0, 0] 
4;4;3;268.0;NaN;1.0;[6, 6, 0, 6, 7] [5, 6, 3, 2, 3] [6, 6, 6, 2, 2] 
5;4;2;213.6;NaN;1.2;[6, 6, 0, 6, 7] [5, 6, 3, 2, 3] [6, 5, 6, 5, 1] 
5;4;3;215.6;NaN;1.2;[6, 6, 0, 6, 7] [5, 6, 3, 2, 3] [6, 5, 6, 5, 1] 
6;6;2;179.66666666666666;NaN;1.3333333333333333;[6, 6, 0, 6, 7] [5, 6, 3, 2, 3] [6, 5, 6, 5, 1] 
7;6;1;155.28571428571428;NaN;1.4285714285714286;[6, 6, 0, 6, 7] [5, 6, 3, 2, 3] [6, 5, 6, 5, 1] 
9;6;1;121.66666666666667;NaN;1.5555555555555556;[6, 6, 0, 6, 7] [5, 6, 3, 2, 3] [6, 5, 6, 5, 1] 
11;4;1;100.54545454545455;NaN;1.6363636363636365;[3, 1, 1, 4, 4] [6, 6, 0, 6, 7] [5, 6, 3, 2, 3] 
13;6;1;85.07692307692308;5.0;1.7692307692307692;[3, 6, 0, 1, 3] [3, 1, 1, 4, 4] [5, 6, 3, 2, 3] 
14;4;0;79.85714285714286;5.0;1.7857142857142858;[3, 6, 0, 1, 3] [3, 1, 1, 4, 4] [5, 6, 3, 2, 3] 
13;2;0;86.23076923076923;6.666666666666667;1.6153846153846154;[3, 6, 0, 1, 3] [3, 1, 1, 4, 4] [5, 6, 3, 2, 3] 
14;4;1;79.57142857142857;6.25;1.7142857142857142;[7, 4, 4, 1, 1] [3, 6, 0, 1, 3] [3, 1, 1, 4, 4] 
16;3;1;69.75;6.0;1.75;[7, 4, 4, 1, 1] [3, 6, 0, 1, 3] [3, 1, 1, 4, 4] 
18;3;1;62.0;5.833333333333333;1.8333333333333333;[7, 4, 4, 1, 1] [3, 6, 0, 1, 3] [5, 6, 3, 2, 3] 
